player,AVG,GP-GS,AB,R,H,H2B,H3B,HR,RBI,TB,SLG,BB,HBP,SO,GDP,OBP,SF,SH,SB,SbATT"Wimmer, Meghan (BRWN)",0.458,26-26,72,16,33,7,1,6,18,60,0.833,16,2,7,1,0.554,2,0,0,0"Kaplan,Maddy (HARV)",0.441,27-27,93,17,41,8,0,1,28,52,0.559,7,1,5,0,0.48,1,0,4,4"Troutt, Taylor (COL)",0.439,32-32,98,21,43,13,0,5,24,71,0.724,9,4,13,1,0.505,0,1,3,3"Rockstroh, Erin (COR)",0.429,28-28,84,12,36,5,0,0,14,41,0.488,11,0,4,0,0.49,1,1,0,1"Rich,Rhianna (HARV)",0.419,30-30,105,37,44,7,5,2,23,67,0.638,11,2,4,0,0.483,0,1,6,7"Murray, Megan (COR)",0.389,28-28,95,8,37,9,0,0,5,46,0.484,5,2,2,1,0.431,0,2,0,0"Kubena, Rebecca (COR)",0.375,24-24,80,10,30,5,0,0,4,35,0.438,1,0,4,0,0.378,1,4,0,0"Lantz,Meagan (HARV)",0.359,30-30,103,13,37,8,1,2,17,53,0.515,6,2,9,2,0.405,0,3,12,14"Schroder, Micah (DART)",0.353,27-27,85,17,30,8,1,5,20,55,0.647,9,0,15,0,0.411,1,0,1,2"Seitz, Cat (BRWN)",0.346,28-28,81,12,28,9,1,1,13,42,0.519,9,1,8,1,0.409,2,1,2,2"Gott, Madison (COL)",0.345,33-33,119,26,41,12,4,6,29,79,0.664,8,0,11,0,0.386,0,1,6,6"Grobman, Sydney (YALE)",0.341,30-30,91,7,31,4,1,3,11,46,0.505,7,1,11,0,0.39,1,2,0,0"Meyer, Mackenzie (PRIN)",0.339,24-18,59,14,20,4,1,5,11,41,0.695,4,1,3,0,0.391,0,0,2,4"Duncan,Kathleen (HARV)",0.333,27-20,12,3,4,0,0,2,5,10,0.833,1,0,3,1,0.385,0,0,0,0"Donahey, Megan (PRIN)",0.333,29-29,102,15,34,2,0,0,4,36,0.353,6,1,4,0,0.376,0,0,9,10"Joyner, Jurie (PENN)",0.322,29-28,90,9,29,8,0,2,20,43,0.478,7,1,8,0,0.374,1,2,0,0"Jencarelli, Kate (COR)",0.321,24-16,56,8,18,4,0,0,6,22,0.393,4,0,11,2,0.361,1,1,0,0"Ortega, Max (COL)",0.316,24-21,57,15,18,4,2,1,10,29,0.509,4,6,13,0,0.418,0,2,4,5"Grzybek, Sommer (COL)",0.314,33-33,105,19,33,5,1,4,22,52,0.495,14,1,10,0,0.397,1,0,2,5"Kneib,Lindey (HARV)",0.308,22-16,52,4,16,2,0,2,8,24,0.462,2,3,6,1,0.368,0,2,1,1"Martinelli, Morgan (DART)",0.305,27-27,82,12,25,4,0,5,16,44,0.537,3,1,4,0,0.33,2,0,0,0"Blaska, Mikayla (PRIN)",0.304,21-17,46,8,14,1,1,0,6,17,0.37,5,0,10,0,0.373,0,1,5,5"Ward, Taylor (DART)",0.302,27-26,63,8,19,3,0,6,18,40,0.635,12,4,16,1,0.443,0,1,2,2"Dockx, Danielle (PRIN)",0.302,25-22,53,5,16,3,1,0,6,21,0.396,5,0,8,1,0.362,0,2,1,1"Schmitz, Anya (BRWN)",0.299,29-29,87,15,26,5,1,0,7,33,0.379,6,6,10,0,0.384,0,8,3,3"Kennedy, Shelby (YALE)",0.299,32-32,87,13,26,0,0,0,3,26,0.299,17,6,18,0,0.445,0,2,19,24"Togashi, Tori (COR)",0.297,26-23,64,11,19,3,0,3,14,31,0.484,9,0,3,3,0.378,1,2,0,0"Tarte, Annie (YALE)",0.296,32-32,115,8,34,4,1,0,9,40,0.348,5,0,5,0,0.325,0,2,6,9"Pederson, Sam (PENN)",0.296,28-27,98,19,29,2,4,0,11,39,0.398,2,0,5,0,0.307,1,1,8,8"Walsh, Keeley (PRIN)",0.291,29-29,86,10,25,3,0,3,13,37,0.43,9,2,6,3,0.367,1,1,0,0"Pagane, Maria (COL)",0.284,33-33,116,26,33,4,0,7,19,58,0.5,8,2,18,1,0.341,0,7,5,6"Bird, Claire (DART)",0.283,21-18,46,7,13,6,0,0,5,19,0.413,2,0,12,0,0.313,0,0,0,0"Yule, Alexandra (COL)",0.283,25-22,60,8,17,3,0,2,11,26,0.433,13,0,12,0,0.405,1,2,1,1"Hogan,Dallas (HARV)",0.28,24-13,25,8,7,1,0,0,2,8,0.32,2,0,1,0,0.333,0,0,2,2"Harvey, Allison (PRIN)",0.28,29-29,93,5,26,5,0,0,14,31,0.333,5,0,3,1,0.31,2,2,1,2"England, Jessica (PENN)",0.279,29-28,86,20,24,2,1,0,10,28,0.326,13,2,10,0,0.386,0,2,8,10"Rooney, Bridgette (COR)",0.278,27-27,79,12,22,4,0,6,18,44,0.557,9,2,13,0,0.367,0,1,0,0"Altchek,Alexa (HARV)",0.276,26-21,58,10,16,3,0,1,10,22,0.379,5,0,3,0,0.323,2,3,0,0"Okimoto, Kaitlin (BRWN)",0.266,29-29,94,15,25,4,1,0,9,31,0.33,10,5,5,0,0.364,1,4,0,2"Schipper, Bonnie (COL)",0.264,27-14,53,8,14,5,0,1,9,22,0.415,3,0,13,1,0.298,1,2,1,1"Nelson, Schae (DART)",0.259,22-17,54,8,14,4,0,2,8,24,0.444,3,2,9,0,0.317,1,0,0,0"Parker, Olivia (COL)",0.258,26-24,66,15,17,0,0,0,4,17,0.258,8,1,6,0,0.347,0,6,1,1"Gray, McKenna (DART)",0.25,24-21,60,10,15,4,0,1,6,22,0.367,2,1,10,0,0.281,1,0,1,2"Lotz, Ashli (BRWN)",0.25,23-23,60,12,15,4,0,1,8,22,0.367,6,1,9,0,0.328,0,1,1,1"Dyer, Tabitha (PENN)",0.25,27-22,60,8,15,3,0,0,6,18,0.3,2,1,13,0,0.286,0,2,1,2"Skinner, Allison (YALE)",0.247,30-29,93,5,23,3,1,1,9,31,0.333,5,0,9,1,0.286,0,6,1,1"Yang, Lucy (PENN)",0.244,30-30,82,17,20,1,0,5,23,36,0.439,15,7,11,0,0.396,2,0,6,7"Webb, Giovy (YALE)",0.242,26-20,62,9,15,1,1,1,4,21,0.339,3,1,8,0,0.288,0,4,1,1"Sack, Madison (YALE)",0.238,27-25,84,3,20,7,0,1,9,30,0.357,2,1,23,0,0.264,0,1,0,0"McGregor, Annie (BRWN)",0.236,29-29,89,14,21,4,1,3,13,36,0.404,6,2,11,0,0.299,0,1,1,1"Wong, Krystin (COL)",0.236,22-18,55,10,13,2,0,2,10,21,0.382,4,0,15,0,0.288,0,1,2,3"Avery, Madeline (COR)",0.236,26-25,72,11,17,5,1,0,10,24,0.333,6,3,15,0,0.317,1,3,0,1"Almer, Calista (DART)",0.235,27-27,81,8,19,3,0,0,5,22,0.272,2,3,9,1,0.279,0,2,4,5"Lockhart,Erin (HARV)",0.234,25-25,64,16,15,2,0,4,19,29,0.453,9,10,7,1,0.4,2,1,6,6"Casalino, Francesca (YALE)",0.232,26-21,56,7,13,5,0,2,8,24,0.429,11,0,13,0,0.358,0,2,0,0"Scarangella, Annie (BRWN)",0.231,29-27,78,7,18,4,1,0,11,24,0.308,13,1,6,2,0.34,2,0,0,0"Nishihira, Amanda (COL)",0.225,30-30,80,8,18,2,0,7,17,41,0.513,11,1,32,1,0.323,1,2,0,0"Giaquinto,Olivia (HARV)",0.225,30-28,71,7,16,0,0,4,10,28,0.394,14,2,13,2,0.364,1,1,0,0"Smith, Joey (PRIN)",0.222,22-12,36,5,8,1,1,0,4,11,0.306,4,0,4,0,0.293,1,0,1,1"Grant, Kaylee (PRIN)",0.222,29-29,72,7,16,1,0,0,10,17,0.236,13,7,12,4,0.391,0,0,0,0"Petroski, Katie (PENN)",0.222,28-21,45,9,10,3,2,2,10,23,0.511,4,1,13,0,0.3,0,1,7,7"Shively,Elizabeth (HARV)",0.212,21-19,52,4,11,2,1,0,5,15,0.288,2,2,8,0,0.268,0,0,0,0"Saldana,Alyssa (HARV)",0.204,24-19,49,13,10,3,0,1,7,16,0.327,5,7,7,0,0.361,0,2,1,1"Waslawski, Kaitlyn (PRIN)",0.2,28-25,70,12,14,3,1,0,8,19,0.271,2,1,6,0,0.233,0,4,6,9"Pierce, Kylee (PRIN)",0.196,27-18,51,8,10,0,1,0,2,12,0.235,1,1,5,0,0.226,0,1,6,6"Straley, Brianna (COR)",0.18,24-24,61,7,11,1,1,0,7,14,0.23,8,1,9,1,0.286,0,1,0,1"Ponce, Kortney (YALE)",0.179,23-21,56,6,10,1,0,0,1,11,0.196,5,3,10,0,0.281,0,1,0,0"Cranford, Madi (BRWN)",0.171,22-15,41,5,7,3,1,0,3,12,0.293,1,2,7,1,0.222,1,2,0,1"Lam, Olivia (COR)",0.17,21-19,53,1,9,2,0,0,1,11,0.208,1,0,13,2,0.185,0,3,0,0"Metzger, Grayson (BRWN)",0.153,29-28,59,6,9,2,0,0,7,11,0.186,6,5,9,0,0.278,2,5,0,1"Murray, Sarah (COR)",0.146,20-14,41,9,6,3,0,0,5,9,0.22,5,1,7,0,0.255,0,0,0,0"Viscusi, Alex (PRIN)",0.121,23-12,33,3,4,2,0,0,2,6,0.182,4,1,9,1,0.237,0,0,0,0"Soltesz, Genny (COL)",0.111,23-6,18,9,2,0,0,0,0,2,0.111,5,0,7,0,0.304,0,0,0,1"Ginsberg, Sydney (YALE)",0.111,25-19,27,7,3,0,0,0,1,3,0.111,1,0,6,0,0.143,0,0,2,2"Thomas, Loghan (DART)",0.104,23-21,48,4,5,1,0,0,1,6,0.125,6,2,11,0,0.228,1,1,0,0"Tiffany, Dyson (DART)",0.098,27-27,61,7,6,1,0,0,1,7,0.115,1,1,11,0,0.127,0,2,1,1